<odoo>
    <data>

        <record id="myctegory_group_category" model="ir.module.category">

            <field name="name">MYCategory</field>

        </record>

        <record id="pre_sales_user" model="res.groups">


            <field name="name">PreSales User</field>
            <field name="category_id" ref="myctegory_group_category"/>

        </record>

        <record id="sales_user" model="res.groups">


            <field name="name">Sales User</field>
            <field name="category_id" ref="myctegory_group_category"/>

        </record>
        <record id="sales_manager_user" model="res.groups">


            <field name="name">Sales Manager User</field>
            <field name="category_id" ref="myctegory_group_category"/>

        </record>


    </data>

</odoo>