id,name,model_id:id,group_id:id,perm_read,perm_write,perm_create,perm_unlink
access_studentss_line,access_studentsss.line,model_studentss_studentss,base.group_user,1,1,1,1
access_academicss_historyline,access_academicss.history.line,model_academicss_history,base.group_user,1,1,1,1
access_year_year,access_year.year,model_year_year,base.group_user,1,1,1,1
access_marks_marks,access_marks.marks,model_marks_marks,base.group_user,1,1,1,1
access_subjectss_subjects,access_subjectss.subjects,model_subjectss_subjects,base.group_user,1,1,1,1






