<odoo>
    <data>

        <record id="university_group_categorys" model="ir.module.category">

            <field name="name">  universitys  </field>

        </record>

      <record id="university_normal_groups" model="res.groups">

          <field name="name"> university Normal Users</field>
          <field name="category_id" ref="university_group_categorys"/>


      </record>

         <record id="university_manager_groups" model="res.groups">

          <field name="name"> university Manager Users</field>
              <field name="category_id" ref="university_group_categorys"/>
             <field name="implied_ids" eval="[(4, ref('university_normal_groups'))]"/>


      </record>

<!--        <record id="view_created_student_only_rule"-->
<!--                model ="ir.rule">-->
<!--            <field name="name"> view created student only</field>-->
<!--            <field name="model_id"-->
<!--                   ref="model_iti_student"/>-->
<!--            <field name="domain_force">-->
<!--                [('create_uid','=', user.id)]-->
<!--            </field>-->
<!--              <field  name="groups"-->
<!--                        eval="[(4,ref('iti_normal_group'))]"/>-->

<!--        </record>-->

<!--         <record id="view_all_student_rule"-->
<!--                model ="ir.rule">-->
<!--            <field name="name"> view all students for managers</field>-->
<!--            <field name="model_id"-->
<!--                   ref="model_iti_student"/>-->
<!--            <field name="domain_force">-->
<!--                [(1,'=', 1)]</field>-->

<!--                <field  name="groups"-->
<!--                        eval="[(4,ref('iti_manager_group'))]"/>-->

<!--         </record>-->
    </data>

</odoo>